"Symbol","Description"
"SOXX","Philadelphia Semcon"
"SNDK","Sandisk"
"APP","Applovin Corp"
"ARM","Arm Holdings PLC"
"LIN","Linde PLC"
"AZN","AstraZeneca PLC"
"BKR","Baker Hughes Co"
"AVGO","Broadcom Inc"
"BIIB","Biogen Inc"
"BKNG","Booking Holdings Inc"
"CDNS","Cadence Design Systems Inc"
"ADBE","Adobe Inc."
"CHTR","Charter Communications Inc"
"CPRT","Copart Inc"
"CSGP","CoStar Group Inc"
"CRWD","CrowdStrike Holdings Inc"
"CTAS","Cintas Corp"
"CSCO","Cisco Systems Inc"
"CMCSA","Comcast Corp"
"COST","Costco Wholesale Corp"
"CSX","CSX Corp"
"CTSH","Cognizant Technology Solutions Corp"
"DDOG","Datadog Inc"
"DXCM","Dexcom Inc"
"FANG","Diamondback Energy Inc"
"EA","Electronic Arts"
"ON","ON Semiconductor Corp"
"EXC","Exelon Corp"
"TTD","Trade Desk Inc"
"FAST","Fastenal Co"
"GFS","GlobalFoundries Inc"
"META","Meta Platforms Inc"
"FI","Fiserv Inc"
"FTNT","Fortinet Inc"
"GILD","Gilead Sciences Inc"
"GOOG","Alphabet Class C"
"GOOGL","Alphabet Class A"
"HON","Honeywell International Inc"
"ILMN","Illumina Inc"
"INTC","Intel Corp"
"INTU","Intuit Inc"
"ISRG","Intuitive Surgical Inc"
"MRVL","Marvell Technology Inc"
"IDXX","IDEXX Laboratories Inc"
"KDP","Keurig Dr Pepper Inc"
"KLAC","KLA Corp"
"KHC","Kraft Heinz Co"
"LRCX","Lam Research Corp"
"LULU","Lululemon Athletica Inc"
"MELI","MercadoLibre Inc"
"MAR","Marriott International Inc"
"MCHP","Microchip Technology Inc"
"MDLZ","Mondelez International Inc"
"MRNA","Moderna Inc"
"MNST","Monster Beverage Corp"
"MSFT","Microsoft Corp"
"MU","Micron Technology Inc"
"NFLX","Netflix Inc"
"GRAL","Grail Inc"
"NVDA","NVIDIA Corp"
"NXPI","NXP Semiconductors NV"
"ODFL","Old Dominion Freight Line Inc"
"ORLY","O?Reilly Automotive Inc"
"PCAR","Paccar Inc"
"PANW","Palo Alto Networks Inc"
"PAYX","Paychex Inc"
"PDD","PDD Holdings Inc"
"PYPL","PayPal Holdings Inc"
"PEP","PepsiCo Inc."
"QCOM","Qualcomm Inc"
"REGN","Regeneron Pharmaceuticals Inc"
"ROST","Ross Stores Inc"
"SBUX","Starbucks Corp"
"SNPS","Synopsys Inc"
"TSLA","Tesla Inc"
"TXN","Texas Instruments Inc"
"TMUS","T-Mobile US Inc"
"VRSK","Verisk Analytics Inc"
"VRTX","Vertex Pharmaceuticals Inc"
"WBD","Warner Bros Discovery Inc"
"WDAY","Workday Inc"
"XEL","Xcel Energy Inc"
"ZS","Zscaler Inc"
"ADP","Automatic Data Processing Inc"
"ABNB","Airbnb Inc"
"AMD","Advanced Micro Devices Inc"
"CEG","Constellation Energy Corp"
"AMZN","Amazon.com Inc"
"AMGN","Amgen Inc"
"AEP","American Electric Power Company Inc"
"CDW","CDW Corp"
"CCEP","Coca-Cola Europacific Partners PLC"
"ADI","Analog Devices Inc"
"MDB","MongoDB Inc"
"DASH","DoorDash Inc"
"ROP","Roper Technologies Inc"
"ANSS","ANSYS Inc"
"AAPL","Apple Inc"
"AMAT","Applied Materials Inc"
"GEHC","GE Healthcare Technologies Inc"
"ASML","ASML Holding NV"
"TEAM","Atlassian Corp"
"ADSK","Autodesk Inc"
"BRK.B","Berkshire Hathaway Inc."
"WMT","Walmart Inc."
"LLY","Eli Lilly and Company"
"JPM","JPMorgan Chase & Co."
"V","Visa Inc."
"MA","Mastercard Incorporated"
"XOM","Exxon Mobil Corporation"
"ORCL","Oracle Corporation"
"UNH","UnitedHealth Group Incorporated"
"PG","The Procter & Gamble Company"
"HD","The Home Depot, Inc."
"JNJ","Johnson & Johnson"
"BAC","Bank of America Corporation"
"CRM","Salesforce, Inc."
"ABBV","AbbVie Inc."
"KO","The Coca-Cola Company"
"CVX","Chevron Corporation"
"MRK","Merck & Co., Inc."
"WFC","Wells Fargo & Company"
"NOW","ServiceNow, Inc."
"ACN","Accenture plc"
"BX","Blackstone Inc."
"MCD","McDonald's Corporation"
"IBM","International Business Machines Corporation"
"AXP","American Express Company"
"DIS","The Walt Disney Company"
"TMO","Thermo Fisher Scientific Inc."
"MS","Morgan Stanley"
"ABT","Abbott Laboratories"
"PM","Philip Morris International Inc."
"GS","The Goldman Sachs Group, Inc."
"CAT","Caterpillar Inc."
"GE","General Electric Company"
"VZ","Verizon Communications Inc."
"DHR","Danaher Corporation"
"PLTR","Palantir Technologies Inc."
"T","AT&T Inc."
"BLK","BlackRock, Inc."
"RTX","RTX Corporation"
"SPGI","S&P Global Inc."
"PFE","Pfizer Inc."
"NEE","NextEra Energy, Inc."
"LOW","Lowe's Companies, Inc."
"PGR","The Progressive Corporation"
"SYK","Stryker Corporation"
"TJX","The TJX Companies, Inc."
"ANET","Arista Networks Inc"
"UNP","Union Pacific Corporation"
"SCHW","The Charles Schwab Corporation"
"ETN","Eaton Corporation plc"
"BSX","Boston Scientific Corporation"
"BA","The Boeing Company"
"UBER","Uber Technologies, Inc."
"C","Citigroup Inc."
"KKR","KKR & Co. Inc."
"COP","ConocoPhillips"
"DE","Deere & Company"
"BMY","Bristol-Myers Squibb Company"
"LMT","Lockheed Martin Corporation"
"NKE","NIKE, Inc."
"CB","Chubb Limited"
"UPS","United Parcel Service, Inc."
"MMC","Marsh & McLennan Companies, Inc."
"MDT","Medtronic plc"
"PLD","Prologis, Inc."
"MO","Altria Group, Inc."
"EQIX","Equinix, Inc."
"SO","The Southern Company"
"SHW","The Sherwin-Williams Company"
"GEV","GE Vernova Inc."
"AMT","American Tower Corporation"
"ICE","Intercontinental Exchange, Inc."
"CME","CME Group Inc."
"MCO","Moody's Corporation"
"TT","Trane Technologies plc"
"ELV","Elevance Health, Inc."
"APH","Amphenol Corporation"
"CMG","Chipotle Mexican Grill, Inc."
"PH","Parker-Hannifin Corporation"
"WM","Waste Management, Inc."
"DUK","Duke Energy Corporation"
"DELL","Dell Technologies Inc."
"CI","The Cigna Group"
"WELL","Welltower Inc."
"MSI","Motorola Solutions, Inc."
"ITW","Illinois Tool Works Inc."
"AON","Aon plc"
"PNC","The PNC Financial Services Group, Inc."
"CL","Colgate-Palmolive Company"
"HCA","HCA Healthcare, Inc."
"ZTS","Zoetis Inc."
"USB","U.S. Bancorp"
"MCK","McKesson Corporation"
"GD","General Dynamics Corporation"
"EMR","Emerson Electric Co."
"TDG","TransDigm Group Incorporated"
"MMM","3M Company"
"NOC","Northrop Grumman Corporation"
"ECL","Ecolab Inc."
"EOG","EOG Resources, Inc."
"FDX","FedEx Corporation"
"COF","Capital One Financial Corporation"
"APD","Air Products and Chemicals, Inc."
"BDX","Becton, Dickinson and Company"
"SPG","Simon Property Group, Inc."
"RSG","Republic Services, Inc."
"WMB","The Williams Companies, Inc."
"RCL","Royal Caribbean Cruises Ltd."
"AJG","Arthur J. Gallagher & Co."
"CARR","Carrier Global Corporation"
"TGT","Target Corporation"
"DLR","Digital Realty Trust, Inc."
"HLT","Hilton Worldwide Holdings Inc."
"KMI","Kinder Morgan, Inc."
"TFC","Truist Financial Corporation"
"OKE","ONEOK, Inc."
"CVS","CVS Health Corporation"
"AFL","Aflac Incorporated"
"FCX","Freeport-McMoRan Inc."
"BK","The Bank of New York Mellon Corporation"
"GM","General Motors Company"
"MET","MetLife, Inc."
"AZO","AutoZone, Inc."
"SRE","Sempra"
"NSC","Norfolk Southern Corporation"
"TRV","The Travelers Companies, Inc."
"GWW","W.W. Grainger, Inc."
"SLB","Schlumberger Limited"
"PSA","Public Storage"
"JCI","Johnson Controls International plc"
"AMP","Ameriprise Financial, Inc."
"ALL","The Allstate Corporation"
"FICO","Fair Isaac Corporation"
"CMI","Cummins Inc."
"URI","United Rentals, Inc."
"PWR","Quanta Services, Inc."
"MSCI","MSCI Inc."
"AXON","Axon Enterprise, Inc."
"O","Realty Income Corporation"
"PSX","Phillips 66"
"DHI","D.R. Horton, Inc."
"VST","Vistra Corp."
"NDAQ","Nasdaq, Inc."
"D","Dominion Energy, Inc."
"KR","The Kroger Co."
"COR","Cencora, Inc."
"HWM","Howmet Aerospace Inc."
"AIG","American International Group, Inc."
"KMB","Kimberly-Clark Corporation"
"MPC","Marathon Petroleum Corporation"
"TEL","TE Connectivity plc"
"FIS","Fidelity National Information Services, Inc."
"OXY","Occidental Petroleum Corporation"
"EW","Edwards Lifesciences Corporation"
"NEM","Newmont Corporation"
"DFS","Discover Financial Services"
"AME","AMETEK, Inc."
"STZ","Constellation Brands, Inc."
"PEG","Public Service Enterprise Group Incorporated"
"KVUE","Kenvue Inc."
"PCG","PG&E Corporation"
"PRU","Prudential Financial, Inc."
"LHX","L3Harris Technologies, Inc."
"CCI","Crown Castle Inc."
"HES","Hess Corporation"
"GLW","Corning Incorporated"
"GRMN","Garmin Ltd."
"LEN","Lennar Corporation"
"CBRE","CBRE Group, Inc."
"CTVA","Corteva, Inc."
"VLO","Valero Energy Corporation"
"F","Ford Motor Company"
"A","Agilent Technologies, Inc."
"SYY","Sysco Corporation"
"DAL","Delta Air Lines, Inc."
"YUM","Yum! Brands, Inc."
"TRGP","Targa Resources Corp."
"OTIS","Otis Worldwide Corporation"
"IR","Ingersoll Rand Inc."
"IT","Gartner, Inc."
"LVS","Las Vegas Sands Corp."
"GIS","General Mills, Inc."
"VMC","Vulcan Materials Company"
"HSY","The Hershey Company"
"IQV","IQVIA Holdings Inc."
"RMD","ResMed Inc."
"WAB","Westinghouse Air Brake Technologies Corporation"
"ACGL","Arch Capital Group Ltd."
"MLM","Martin Marietta Materials, Inc."
"EXR","Extra Space Storage Inc."
"ROK","Rockwell Automation, Inc."
"DD","DuPont de Nemours, Inc."
"CCL","Carnival Corporation & plc"
"TTWO","Take-Two Interactive Software, Inc."
"EFX","Equifax Inc."
"ETR","Entergy Corporation"
"AVB","AvalonBay Communities, Inc."
"RJF","Raymond James Financial, Inc."
"HIG","The Hartford Financial Services Group, Inc."
"WTW","Willis Towers Watson Public Limited Company"
"MTB","M&T Bank Corporation"
"ED","Consolidated Edison, Inc."
"EBAY","eBay Inc."
"DECK","Deckers Outdoor Corporation"
"LYV","Live Nation Entertainment, Inc."
"VICI","VICI Properties Inc."
"HPQ","HP Inc."
"EIX","Edison International"
"IRM","Iron Mountain Incorporated"
"UAL","United Airlines Holdings, Inc."
"CNC","Centene Corporation"
"WEC","WEC Energy Group, Inc."
"MPWR","Monolithic Power Systems, Inc."
"HUM","Humana Inc."
"BRO","Brown & Brown, Inc."
"FITB","Fifth Third Bancorp"
"XYL","Xylem Inc."
"TSCO","Tractor Supply Company"
"GPN","Global Payments Inc."
"DOW","Dow Inc."
"GDDY","GoDaddy Inc."
"PPG","PPG Industries, Inc."
"CAH","Cardinal Health, Inc."
"STT","State Street Corporation"
"KEYS","Keysight Technologies, Inc."
"K","Kellanova"
"NUE","Nucor Corporation"
"EQR","Equity Residential"
"EL","The Est?e Lauder Companies Inc."
"SW","Smurfit Westrock Plc"
"HPE","Hewlett Packard Enterprise Company"
"BR","Broadridge Financial Solutions, Inc."
"CHD","Church & Dwight Co., Inc."
"DOV","Dover Corporation"
"MTD","Mettler-Toledo International Inc."
"TPL","Texas Pacific Land Corporation"
"FTV","Fortive Corporation"
"EQT","EQT Corporation"
"TYL","Tyler Technologies, Inc."
"NVR","NVR, Inc."
"TROW","T. Rowe Price Group, Inc."
"VLTO","Veralto Corporation"
"VTR","Ventas, Inc."
"SYF","Synchrony Financial"
"DTE","DTE Energy Company"
"LYB","LyondellBasell Industries N.V."
"AWK","American Water Works Company, Inc."
"NTAP","NetApp, Inc."
"ADM","Archer-Daniels-Midland Company"
"CPAY","Corpay, Inc."
"WST","West Pharmaceutical Services, Inc."
"PPL","PPL Corporation"
"AEE","Ameren Corporation"
"HBAN","Huntington Bancshares Incorporated"
"HAL","Halliburton Company"
"ROL","Rollins, Inc."
"HUBB","Hubbell Incorporated"
"PHM","PulteGroup, Inc."
"PTC","PTC Inc."
"EXPE","Expedia Group, Inc."
"FOXA","Fox Corporation"
"FE","FirstEnergy Corp."
"CINF","Cincinnati Financial Corporation"
"WRB","W. R. Berkley Corporation"
"WDC","Western Digital Corporation"
"FOX","Fox Corporation"
"IFF","International Flavors & Fragrances Inc."
"SBAC","SBA Communications Corporation"
"WAT","Waters Corporation"
"TDY","Teledyne Technologies Incorporated"
"MKC","McCormick & Company, Incorporated"
"ATO","Atmos Energy Corporation"
"RF","Regions Financial Corporation"
"ERIE","Erie Indemnity Company"
"ZBH","Zimmer Biomet Holdings, Inc."
"TSN","Tyson Foods, Inc."
"CBOE","Cboe Global Markets, Inc."
"ES","Eversource Energy"
"CNP","CenterPoint Energy, Inc."
"PKG","Packaging Corporation of America"
"STE","STERIS plc"
"DVN","Devon Energy Corporation"
"WY","Weyerhaeuser Company"
"TER","Teradyne, Inc."
"CLX","The Clorox Company"
"NTRS","Northern Trust Corporation"
"ZBRA","Zebra Technologies Corporation"
"FSLR","First Solar, Inc."
"CMS","CMS Energy Corporation"
"BF.B","Brown-Forman Corporation"
"LDOS","Leidos Holdings, Inc."
"LUV","Southwest Airlines Co."
"INVH","Invitation Homes Inc."
"STX","Seagate Technology Holdings plc"
"ULTA","Ulta Beauty, Inc."
"LH","Labcorp Holdings Inc."
"ESS","Essex Property Trust, Inc."
"SMCI","Super Micro Computer, Inc."
"CFG","Citizens Financial Group, Inc."
"DRI","Darden Restaurants, Inc."
"IP","International Paper Company"
"COO","The Cooper Companies, Inc."
"VRSN","VeriSign, Inc."
"BBY","Best Buy Co., Inc."
"MAA","Mid-America Apartment Communities, Inc."
"NRG","NRG Energy, Inc."
"PODD","Insulet Corporation"
"FDS","FactSet Research Systems Inc."
"STLD","Steel Dynamics, Inc."
"SNA","Snap-on Incorporated"
"L","Loews Corporation"
"HRL","Hormel Foods Corporation"
"BLDR","Builders FirstSource, Inc."
"CTRA","Coterra Energy Inc."
"TRMB","Trimble Inc."
"JBHT","J.B. Hunt Transport Services, Inc."
"PFG","Principal Financial Group, Inc."
"OMC","Omnicom Group Inc."
"ARE","Alexandria Real Estate Equities, Inc."
"GEN","Gen Digital Inc."
"MOH","Molina Healthcare, Inc."
"DGX","Quest Diagnostics Incorporated"
"KEY","KeyCorp"
"PNR","Pentair plc"
"DG","Dollar General Corporation"
"BALL","Ball Corporation"
"NI","NiSource Inc."
"J","Jacobs Solutions Inc."
"NWS","News Corporation"
"HOLX","Hologic, Inc."
"JBL","Jabil Inc."
"GPC","Genuine Parts Company"
"IEX","IDEX Corporation"
"UDR","UDR, Inc."
"EXPD","Expeditors International of Washington, Inc."
"MAS","Masco Corporation"
"ALGN","Align Technology, Inc."
"NWSA","News Corporation"
"KIM","Kimco Realty Corporation"
"AVY","Avery Dennison Corporation"
"EG","Everest Group, Ltd."
"LNT","Alliant Energy Corporation"
"DLTR","Dollar Tree, Inc."
"DPZ","Domino's Pizza, Inc."
"FFIV","F5, Inc."
"BAX","Baxter International Inc."
"CF","CF Industries Holdings, Inc."
"VTRS","Viatris Inc."
"TPR","Tapestry, Inc."
"DOC","Healthpeak Properties, Inc."
"SWKS","Skyworks Solutions, Inc."
"AKAM","Akamai Technologies, Inc."
"TXT","Textron Inc."
"EVRG","Evergy, Inc."
"RL","Ralph Lauren Corporation"
"AMCR","Amcor plc"
"EPAM","EPAM Systems, Inc."
"REG","Regency Centers Corporation"
"APTV","Aptiv PLC"
"RVTY","Revvity, Inc."
"BXP","BXP, Inc."
"POOL","Pool Corporation"
"CAG","Conagra Brands, Inc."
"INCY","Incyte Corporation"
"JKHY","Jack Henry & Associates, Inc."
"KMX","CarMax, Inc."
"CHRW","C.H. Robinson Worldwide, Inc."
"CPB","The Campbell's Company"
"JNPR","Juniper Networks, Inc."
"CPT","Camden Property Trust"
"HST","Host Hotels & Resorts, Inc."
"SWK","Stanley Black & Decker, Inc."
"NDSN","Nordson Corporation"
"DVA","DaVita Inc."
"TAP","Molson Coors Beverage Company"
"SJM","The J. M. Smucker Company"
"UHS","Universal Health Services, Inc."
"PAYC","Paycom Software, Inc."
"DAY","Dayforce Inc."
"SOLV","Solventum Corporation"
"CTLT","Catalent, Inc."
"ALLE","Allegion plc"
"TECH","Bio-Techne Corporation"
"LW","Lamb Weston Holdings, Inc."
"BG","Bunge Global SA"
"NCLH","Norwegian Cruise Line Holdings Ltd."
"IPG","The Interpublic Group of Companies, Inc."
"AIZ","Assurant, Inc."
"ALB","Albemarle Corporation"
"BEN","Franklin Resources, Inc."
"EMN","Eastman Chemical Company"
"MGM","MGM Resorts International"
"AOS","A. O. Smith Corporation"
"WYNN","Wynn Resorts, Limited"
"LKQ","LKQ Corporation"
"PNW","Pinnacle West Capital Corporation"
"FRT","Federal Realty Investment Trust"
"GNRC","Generac Holdings Inc."
"CRL","Charles River Laboratories International, Inc."
"ENPH","Enphase Energy, Inc."
"AES","The AES Corporation"
"HSIC","Henry Schein, Inc."
"MKTX","MarketAxess Holdings Inc."
"GL","Globe Life Inc."
"WBA","Walgreens Boots Alliance, Inc."
"HAS","Hasbro, Inc."
"TFX","Teleflex Incorporated"
"MTCH","Match Group, Inc."
"MOS","The Mosaic Company"
"APA","APA Corporation"
"HII","Huntington Ingalls Industries, Inc."
"IVZ","Invesco Ltd."
"MHK","Mohawk Industries, Inc."
"CE","Celanese Corporation"
"CZR","Caesars Entertainment, Inc."
"PARA","Paramount Global"
"BWA","BorgWarner Inc."
"QRVO","Qorvo, Inc."
"FMC","FMC Corporation"
"AMTM","Amentum Holdings, Inc."
"WEX","WEX INC COM"
"EU","ENCORE ENERGY CORP COM NEW"
"ABL","ABACUS LIFE INC CL A"
"TPC","TUTOR PERINI CORP COM"
"ZEPP","ZEPP HEALTH CORPORATION SPONSORED ADR"
"RBLX","ROBLOX CORP CL A"
"UPST","UPSTART HLDGS INC COM"
"ZETA","ZETA GLOBAL HOLDINGS CORP CL A"
"HIMS","HIMS & HERS HEALTH INC COM CL A"
"GME","GAMESTOP CORP NEW CL A"
"CHWY","CHEWY INC CL A"
"RXO","RXO INC COMMON STOCK"
"LPLA","LPL FINL HLDGS INC COM"
"X","UNITED STATES STL CORP NEW COM"
"LUNR","INTUITIVE MACHINES INC CLASS A COM"
"LUMN","LUMEN TECHNOLOGIES INC COM"
"DJT","TRUMP MEDIA & TECHNOLOGY GROUP COM"
"IMNM","IMMUNOME INC COM"
"FUBO","FUBOTV INC COM"
"PLNT","PLANET FITNESS INC CL A"
"RDDT","REDDIT INC CL A"
"RDFN","REDFIN CORP COM"
"TRSG","TUNGRAY TECHNOLOGIES INC USD CL A ORD SHS"
"SNOW","SNOWFLAKE INC CL A"
"RIVN","RIVIAN AUTOMOTIVE INC COM CL A"
"U","UNITY SOFTWARE INC COM"
"EDU","NEW ORIENTAL ED & TECHNOLOGY G SPON ADR"
"ROKU","ROKU INC COM CL A"
"NIO","NIO INC SPON ADS"
"OCTO","EIGHTCO HOLDINGS INC COM"
"KBH","KB HOME COM"
"DOCU","DOCUSIGN INC COM"
"RKT","ROCKET COS INC COM CL A"
"CVNA","CARVANA CO CL A"
"AMC","AMC ENTMT HLDGS INC CL A NEW"
"NIPG","NIP GROUP INC SPONSORED ADS"
"GSAT","GLOBALSTAR INC COM"
"HEPS","D MARKET ELECTR SVCS & TRADING SPONSORED ADS"
"SFWL","SHENGFENG DEV LTD CL A ORD SHS"
"ATPC","AGAPE ATP CORP COM NEW"
"YGFGF","YANGUFANG INTL GROUP CO LTD ORDINARY SHARES"
"YYGH","YY GROUP HLDG LTD USD CL A ORD SHS"
"AZI","AUTOZI INTERNET TECHNOLOGY G SHS CL A"
"GLE","GLOBAL ENGINE GROUP HOLDING LT ORD SHS"
"NTCL","NETCLASS TECHNOLOGY INC SHS CL A"
"INDA","iShares MSCI India ETF"
"EPI","WisdomTree India Earnings Fund"
"FLIN","Franklin FTSE India ETF"
"SMIN","iShares MSCI India Small Cap ETF"
"HUBS","HUBSPOT INC COM"
"OKTA","OKTA INC CL A"
"APO","APOLLO GLOBAL MGMT INC COM"
"IGV","iShares Expanded Tech-Software Sector ETF"
"VSH","VISHAY INTERTECHNOLOGY INC COM"
"WISE","Themes Generative Artificial Intelligence ETF"
"CWEB","Direxion Daily CSI China Internet Index Bull 2x Shares"
"KWEB","KraneShares CSI China Internet ETF"
"YANG","Direxion Daily FTSE China Bear 3X Shares"
"BIDU","BAIDU INC SPON ADR REP A"
"DIDIY","DIDI GLOBAL INC SPONSORED ADS"
"BYDDF","BYD CO LTD SHS H"
"WRD","WERIDE INC SPONSORED ADS"
"OVX","CBOE CRUDE OIL VOLATILITY INDEX INDEX"
"ELTP","ELITE PHARMACEUTICALS INC COM NEW"
"KULR","KULR TECHNOLOGY GROUP INC COM"
"IPA","IMMUNOPRECISE ANTIBODIES LTD COM NEW"
"ABVE","ABOVE FOOD INGREDIENTS INC COM"
"BABA","ALIBABA GROUP HLDG LTD SPONSORED ADS"
"TALO","TALOS ENERGY INC COM"
"TLT","iShares 20+ Year Treasury Bond ETF"
"SOFI","SOFI TECHNOLOGIES INC COM"
"MSTR","MICROSTRATEGY INC CL A NEW"
"COIN","COINBASE GLOBAL INC COM CL A"
"MARA","MARA HOLDINGS INC COM"
"VRT","VERTIV HOLDINGS CO COM CL A"
"UI","UBIQUITI INC COM"
"CLSK","CLEANSPARK INC COM NEW"
"NNE","NANO NUCLEAR ENERGY INC COM"
"CHGG","CHEGG INC COM"
"LC","LENDINGCLUB CORP COM NEW"
"SYM","SYMBOTIC INC CLASS A COM"
"CELH","CELSIUS HLDGS INC COM NEW"
"IBIT","iShares Bitcoin Trust ETF"
"APLD","APPLIED DIGITAL CORP COM NEW"
"GRAB","GRAB HOLDINGS LIMITED CLASS A ORD"
"NNOX","NANO X IMAGING LTD ORD SHS"
"BBAI","BIGBEAR AI HLDGS INC COM"
"ACHR","ARCHER AVIATION INC COM CL A"
"JOBY","JOBY AVIATION INC COMMON STOCK"
"MBLY","MOBILEYE GLOBAL INC COMMON CLASS A"
"RERE","ATRENEW INC SPONSORED ADS"
"NLR","VanEck Uranium and Nuclear ETF"
"INBS","INTELLIGENT BIO SOLUTIONS INC COM"
"PSHG","PERFORMANCE SHIPPING INC COMMON SHARES"
"CORZ","CORE SCIENTIFIC INC NEW COM"
"QS","QUANTUMSCAPE CORP COM CL A"
"BYDDY","BYD CO LTD UNSPONSORD ADR"
"SLDP","SOLID POWER INC CLASS A COM"
"ABAT","AMERICAN BATTERY TECHNOLOGY COM NEW"
"IESVF","INVINITY ENERGY SYS PLC SHS"
"RKLB","ROCKET LAB USA INC COM"
"LQDT","LIQUIDITY SVCS INC COM"
"GAME","GAMESQUARE HLDGS INC COM"
"BTC","Grayscale Bitcoin Mini Trust ETF"
"QUBT","QUANTUM COMPUTING INC COM"
"RGTI","RIGETTI COMPUTING INC COMMON STOCK"
"IONQ","IONQ INC COM"
"ARQQ","ARQIT QUANTUM INC COM NEW"
"QTOP","iShares Nasdaq Top 30 Stocks ETF"
"MAGA","Point Bridge America First ETF"
"QQQA","ProShares Nasdaq-100 Dorsey Wright Momentum ETF"
"CAVA","CAVA GROUP INC COM"
"TQQQ","Triple QQQ"
"QQQ","Nasdaq"
"SPY","S&P500"
"SQQQ","Short QQQ"
"DB","Deutch Bank"
"TSM","TSMC"
"SAP","SAP SE"
"SHOP","Shopify Inc"
"NET","Cloudflare Inc"
"IBKR","Interactive Brokers Group Inc"
"NVO","Novo Nordisk A/S"
"NVS","Novartis AG"
"SHEL","Shell PLC"
"TTE","TotalEnergies SE"
"TCEHY","Tencent Holdings Ltd ADR"
"JD","JD.com Inc ADR"
"SPOT","Spotify Technology SA"
"RACE","Ferrari NV"
"BHP","BHP Group Ltd ADR"
"TM","Toyota Motor Corp ADR"
